{
    "now": "2022-10-14T14:28:06.507Z",
    "perfNow": 961467.400000006,
    "diagnosticCorrelation": "b46f4a77-b5e9-4efc-8194-b9ba0ca935da",
    "source": "DownloadSupportFiles",
    "environment": {
        "productName": "adf",
        "buildVersion": "1.0.100722.17",
        "environmentType": 3,
        "resourceName": "df-estudos-II",
        "resourceRegion": "eastus",
        "resourceGroup": "Estudos-Azure",
        "subscriptionId": "f9090f81-02bc-45d2-89d2-9bfe48adf4a3",
        "sessionId": "lQ9Dp",
        "operationId": "Gu5YI",
        "gitType": "live"
    },
    "additionalInfo": {
        "selectedResource": "lab3_LuizSapori",
        "selectedResourceType": "pipeline"
    }
}