{
    "name": "lab3_LuizSapori",
    "properties": {
        "activities": [
            {
                "name": "Blob_STAGE",
                "type": "DatabricksNotebook",
                "dependsOn": [],
                "policy": {
                    "timeout": "7.00:00:00",
                    "retry": 0,
                    "retryIntervalInSeconds": 30,
                    "secureOutput": false,
                    "secureInput": false
                },
                "userProperties": [],
                "typeProperties": {
                    "notebookPath": "/Users/luiz.sapori@blueshift.com.br/Lab3_Luiz"
                },
                "linkedServiceName": {
                    "referenceName": "AzureDatabricks_SAPORI",
                    "type": "LinkedServiceReference"
                }
            },
            {
                "name": "STAGE _TO_DW",
                "type": "SqlServerStoredProcedure",
                "dependsOn": [
                    {
                        "activity": "Blob_STAGE",
                        "dependencyConditions": [
                            "Succeeded"
                        ]
                    }
                ],
                "policy": {
                    "timeout": "0.12:00:00",
                    "retry": 0,
                    "retryIntervalInSeconds": 30,
                    "secureOutput": false,
                    "secureInput": false
                },
                "userProperties": [],
                "typeProperties": {
                    "storedProcedureName": "[DW_LUIZ_SAPORI].[ORDERS_LAB3_FINAL]"
                },
                "linkedServiceName": {
                    "referenceName": "AzureSqlDatabase_SAPORI",
                    "type": "LinkedServiceReference"
                }
            }
        ],
        "folder": {
            "name": "LuizSapori"
        },
        "annotations": [],
        "lastPublishTime": "2022-10-13T21:21:35Z"
    },
    "type": "Microsoft.DataFactory/factories/pipelines"
}